month,NO2_density
2018-07,7.980996451806276e-05
2018-07,8.38867403710003e-05
2018-07,9.20316147153244e-05
2018-07,8.85714802050635e-05
2018-07,8.192464029517681e-05
2018-07,7.871222282833821e-05
2018-07,8.864727709433575e-05
2018-07,0.00010101077158738559
2018-07,7.74026089679974e-05
2018-07,6.318951925791216e-05
2018-07,7.972335726031043e-05
2018-07,9.398870326192443e-05
2018-07,9.294822412700398e-05
2018-07,9.638330630058276e-05
2018-07,6.707322278156808e-05
2018-07,8.233483649415757e-05
2018-07,8.455364727103281e-05
2018-07,0.00010341347342663171
2018-07,0.00010363647257050157
2018-07,7.582398471920964e-05
2018-07,8.356927221596681e-05
2018-07,9.282012157412549e-05
2018-07,7.348341014916057e-05
2018-07,7.807284608908612e-05
2018-07,5.6222199573227164e-05
2018-07,7.01803861204923e-05
2018-07,9.755798737580104e-05
2018-07,4.989701033045121e-05
2018-08,7.421420027338933e-05
2018-08,0.0001273090777653507
2018-08,8.884686890262072e-05
2018-08,0.0001041654536500742
2018-08,0.00010504641696587803
2018-08,9.014851050961924e-05
2018-08,8.612853505945493e-05
2018-08,7.189158876167493e-05
2018-08,9.211826844056894e-05
2018-08,9.241266803969246e-05
2018-08,8.021368950937615e-05
2018-08,8.444114364446205e-05
2018-08,0.00013070796341848486
2018-08,0.00010399395559983421
2018-08,4.899194130995717e-05
2018-08,5.25105804278587e-05
2018-08,5.4961367869500884e-05
2018-08,8.907310918217492e-05
2018-08,6.788344787666083e-05
2018-08,0.00010145368712866761
2018-08,9.924380572943892e-05
2018-08,9.453161448623754e-05
2018-08,0.00011480195941509133
2018-08,0.00012329809318514752
2018-08,0.00012511449503249035
2018-08,0.00010715105132606141
2018-08,8.892873433093654e-05
2018-08,0.00010672270380752155
2018-08,8.096090051873517e-05
2018-08,8.859478671121989e-05
2018-08,0.00010766790067022133
2018-08,9.526256758535424e-05
2018-08,8.385797982833967e-05
2018-08,0.0001113335820172382
2018-08,0.0001489625390747685
2018-08,0.00010198719368244709
2018-08,0.00012913103257829303
2018-08,0.00011539822793485518
2018-08,8.166580718510714e-05
2018-08,3.128326668480579e-05
2018-09,0.00010163852637880014
2018-09,8.682392137269538e-05
2018-09,9.913227520559087e-05
2018-09,7.71651845367178e-05
2018-09,8.520911883850935e-05
2018-09,9.720185644249564e-05
2018-09,9.860170267008091e-05
2018-09,7.060544326285922e-05
2018-09,6.29064789418533e-05
2018-09,7.532553316148939e-05
2018-09,8.108421397757477e-05
2018-09,7.299718036457594e-05
2018-09,6.30397200398564e-05
2018-09,7.363992816680144e-05
2018-09,3.860743554201182e-05
2018-09,5.096185868765476e-05
2018-09,7.110202288150867e-05
2018-09,0.00012368966216950422
2018-09,0.0001347820705431161
2018-09,0.0001327927807369304
2018-09,0.00011704523346445717
2018-09,0.00014486698366712186
2018-09,0.00013712400821897712
2018-09,8.818399206758271e-05
2018-09,7.599794009792661e-05
2018-09,9.015046552351866e-05
2018-09,7.673786622909944e-05
2018-09,8.727143652939438e-05
2018-09,0.00034229692574816765
2018-09,0.00014490406449989453
2018-09,0.00010835335479818741
2018-09,6.030013948068367e-05
2018-09,0.00018724166881516158
2018-09,0.00010040849225253592
2018-09,0.00010064609464495585
2018-09,6.712415460745712e-05
2018-09,0.00010189000359422712
2018-09,0.00012886979366979532
2018-09,0.00010923770393370858
2018-09,0.00011118233790554836
2018-09,5.021025712844371e-05
2018-09,6.495948625478092e-05
2018-09,7.126042265123982e-05
2018-09,6.277444789819125e-05
2018-09,7.751188910798583e-05
2018-09,5.529305044405055e-05
2018-09,5.6093501125320324e-05
2018-09,0.00011103431223740117
2018-10,0.00016018111464190018
2018-10,9.909296192075481e-05
2018-10,7.311357676488306e-05
2018-10,0.0001259639076779475
2018-10,0.0001317780152225512
2018-10,0.00011324142279814463
2018-10,0.00015457667334511628
2018-10,5.651212566144867e-05
2018-10,6.579950526048314e-05
2018-10,0.00015660843073640428
2018-10,6.211880515662508e-05
2018-10,7.041695130835875e-05
2018-10,8.467609915419556e-05
2018-10,5.849242295465543e-05
2018-10,0.00013637938881835588
2018-10,0.0001304481117069192
2018-10,0.00016302002116890633
2018-10,0.00011460380954273143
2018-10,0.0001381115415808659
2018-10,0.00012286542968890658
2018-10,0.0001226607993443364
2018-10,8.919063693437172e-05
2018-10,0.0001489776177850206
2018-10,0.00018543503539374828
2018-10,8.099502122074105e-05
2018-10,8.054160100784921e-05
2018-10,6.652599340797176e-05
2018-10,6.474686994950492e-05
2018-10,6.623839772478798e-05
2018-10,9.323330982639876e-05
2018-10,0.00010705754136293677
2018-10,0.00011283946665951297
2018-10,0.0001293865742082909
2018-10,0.0002011867990395908
2018-10,0.00011405736181074213
2018-10,9.614410932754373e-05
2018-10,0.00015138927172991164
2018-10,0.0001128145759405512
2018-10,0.00010894511037957014
2018-10,0.0001741004351307039
2018-10,0.00012558927350296377
2018-10,9.031639538501665e-05
2018-10,6.025974701511696e-05
2018-10,0.0001500896746224236
2018-10,0.00025751574747679996
2018-11,8.221259472752518e-05
2018-11,7.322818002747022e-05
2018-11,9.194732975278705e-05
2018-11,8.436848092229828e-05
2018-11,9.689198240924493e-05
2018-11,0.00013104180700656374
2018-11,0.00015720044379079044
2018-11,7.79264673443255e-05
2018-11,0.00016464499017520846
2018-11,0.0001450237180745713
2018-11,0.00013392556758270175
2018-11,9.482662709575277e-05
2018-11,0.0001492864545927905
2018-11,0.0001997798184577944
2018-11,0.00013013350781765113
2018-11,0.00010452594631760383
2018-11,0.00015042692564868978
2018-11,8.629204538807267e-05
2018-11,9.338487786489826e-05
2018-11,0.00011466083968131159
2018-11,0.00011515075463046105
2018-11,9.207233616744753e-05
2018-11,6.922409394767181e-05
2018-11,7.80816023266286e-05
2018-11,0.00012515593762298035
2018-11,0.00012189050879213359
2018-11,8.5859483532953e-05
2018-11,0.00018382908333789745
2018-11,0.00018124377422431106
2018-11,6.0057232787124915e-05
2018-11,5.755199211690621e-05
2018-11,6.316606570924956e-05
2018-11,0.00010392088182028943
2018-11,0.00011625569837733295
2018-11,0.00011885605359097981
2018-11,7.517398977605137e-05
2018-11,0.00014395216992699704
2018-11,0.00010694181017242781
2018-11,0.00010080140257059677
2018-11,6.141228041155631e-05
2018-11,8.309504495767576e-05
2018-11,8.600791208839552e-05
2018-11,6.534023396892938e-05
2018-11,7.537360164579735e-05
2018-11,5.6886715201864614e-05
2018-12,7.71054674361676e-05
2018-12,6.838497754193564e-05
2018-12,6.28605073878422e-05
2018-12,0.0001037267585754229
2018-12,0.00010193437762745881
2018-12,8.620939576208382e-05
2018-12,6.473823729470734e-05
2018-12,7.977713473549317e-05
2018-12,8.46791715690883e-05
2018-12,7.411475717626552e-05
2018-12,6.280539376892982e-05
2018-12,6.450360573869826e-05
2018-12,0.00010367248175644349
2018-12,0.00010277606111536293
2018-12,0.0001077637953593196
2018-12,9.329070676376687e-05
2018-12,6.930342397555585e-05
2018-12,7.296427340579045e-05
2018-12,7.551237742949259e-05
2018-12,7.383968731560556e-05
2018-12,7.783067698721068e-05
2018-12,6.583575988108431e-05
2018-12,6.155493275889672e-05
2018-12,7.035697761154342e-05
2018-12,6.936881132229403e-05
2018-12,9.966762414779555e-05
2018-12,0.00010644723301306378
2018-12,8.413219584576934e-05
2018-12,6.59704239914609e-05
2018-12,7.360530283990751e-05
2018-12,7.117178265146734e-05
2018-12,8.00668662481797e-05
2018-12,7.432934789174239e-05
2018-12,6.981241296447496e-05
2018-12,8.200470202162155e-05
2018-12,7.89337714725679e-05
2018-12,8.279386120962769e-05
2018-12,8.222214519775492e-05
2018-12,7.184007032461208e-05
2018-12,7.353873403879108e-05
2018-12,6.840116534798217e-05
2018-12,7.639195293982446e-05
2018-12,9.090645826454365e-05
2018-12,7.920255205110592e-05
2018-12,6.810547370933257e-05
2019-01,7.392117775944117e-05
2019-01,7.45834908232076e-05
2019-01,7.698689301462192e-05
2019-01,9.229774453909468e-05
2019-01,9.951640467430489e-05
2019-01,8.756654300049111e-05
2019-01,7.938524919487433e-05
2019-01,7.709400281641235e-05
2019-01,8.169069509231625e-05
2019-01,9.375954706942865e-05
2019-01,0.00010055060043874
2019-01,8.821220552522161e-05
2019-01,8.267263163766937e-05
2019-01,7.993640496860417e-05
2019-01,6.979847889133778e-05
2019-01,8.950829502534635e-05
2019-01,7.479447206328953e-05
2019-01,6.77387088980931e-05
2019-01,5.6813120835231015e-05
2019-01,5.6680068942062114e-05
2019-01,8.368434693286169e-05
2019-01,8.750547905258521e-05
2019-01,7.881588051065658e-05
2019-01,6.341773887097964e-05
2019-01,7.1308979638008e-05
2019-01,6.675811327418188e-05
2019-01,7.585107050606827e-05
2019-01,7.402898359736831e-05
2019-01,7.496934752229265e-05
2019-01,6.987841973288203e-05
2019-01,7.613661489402118e-05
2019-01,7.645558136682756e-05
2019-01,6.983974794459002e-05
2019-01,2.2091686874364318e-05
2019-01,7.613990305392485e-05
2019-01,9.742403903713681e-05
2019-01,0.00011897153497548791
2019-01,0.0001336564676564719
2019-01,0.00012697629944713877
2019-01,8.270839503559318e-05
2019-01,0.0001038531025238261
2019-01,0.00012578572155442803
2019-01,0.00013988693984151782
2019-01,0.0001435308387958769
2019-01,0.00011142669212669985
2019-01,8.668185074433379e-05
2019-01,8.151963535496313e-05
2019-01,9.843388676597173e-05
2019-01,8.476779747256162e-05
2019-01,9.627223738546109e-05
2019-02,8.987593749347428e-05
2019-02,8.836243583687869e-05
2019-02,8.209154293075145e-05
2019-02,8.285689768988199e-05
2019-02,8.264574935824553e-05
2019-02,8.359741634005005e-05
2019-02,8.852129709200242e-05
2019-02,8.508600039298963e-05
2019-02,8.107447684821e-05
2019-02,8.556447266784139e-05
2019-02,9.797641272576768e-05
2019-02,0.00011066539145334603
2019-02,9.520825599454116e-05
2019-02,9.29578873425094e-05
2019-02,0.0001080593126580809
2019-02,0.00010659680727389791
2019-02,0.0001446708050191272
2019-02,0.00010193318398858988
2019-02,0.0001343828317741096
2019-02,0.00010193134776947813
2019-02,0.00015469522933836137
2019-02,0.00011893719181142028
2019-02,9.868196276649644e-05
2019-02,8.972753690030631e-05
2019-02,9.643929083534572e-05
2019-02,0.00012561191533028233
2019-02,0.00010886246428648182
2019-02,9.69002243189153e-05
2019-02,9.825166656532626e-05
2019-02,0.00010140536962603011
2019-02,8.677452848875691e-05
2019-02,9.963367809585471e-05
2019-02,9.984049667128524e-05
2019-02,0.00012981112505231062
2019-02,0.00011524031251067595
2019-02,8.602701646151411e-05
2019-02,7.112406621182729e-05
2019-02,0.00013095858821063306
2019-02,0.00012730712843333578
2019-02,0.00010132195820259182
2019-02,0.00011771445385717768
2019-02,0.00013715709281744666
2019-02,9.613245237930086e-05
2019-02,0.00011032468829230185
2019-03,0.00014001932407617927
2019-03,0.00010131105213815911
2019-03,0.0001020618677945119
2019-03,0.00014058446452078083
2019-03,0.00011725146484643888
2019-03,0.00012779808555929135
2019-03,7.520903811119435e-05
2019-03,8.59667278942166e-05
2019-03,7.152721942407874e-05
2019-03,8.586672093118738e-05
2019-03,7.759095369196101e-05
2019-03,5.12263819499818e-05
2019-03,5.1137613739754265e-05
2019-03,9.402089972868864e-05
2019-03,8.636397381913186e-05
2019-03,8.782030980065973e-05
2019-03,0.00011682473829189251
2019-03,0.00011782814068517645
2019-03,0.00012892174112241753
2019-03,0.0001339907243865335
2019-03,0.00011490677034451448
2019-03,7.065574198809956e-05
2019-03,0.0001054560892394789
2019-03,0.00010133769701420559
2019-03,0.00012139985497184223
2019-03,0.00011012272564162518
2019-03,5.357395275495947e-05
2019-03,0.00011365323771103337
2019-03,7.568810794465038e-05
2019-03,6.454839606796067e-05
2019-03,0.00010042882805693253
2019-03,8.196800457343511e-05
2019-03,5.5360629319332186e-05
2019-03,7.406680174333129e-05
2019-03,0.00012520754213711166
2019-03,9.077125057265174e-05
2019-03,4.807911306880868e-05
2019-03,4.884412223215933e-05
2019-03,5.8907089111612366e-05
2019-03,8.572763469028347e-05
2019-03,6.879533184795598e-05
2019-03,8.920160397073566e-05
2019-03,6.557700369856749e-05
2019-03,7.696903875123791e-05
2019-03,6.201316275529e-05
2019-03,7.614827767281888e-05
2019-03,7.671883890231627e-05
2019-04,0.00010492538568736959
2019-04,0.00010482344341493985
2019-04,9.803303524414788e-05
2019-04,0.00010266287518769655
2019-04,7.886343150935323e-05
2019-04,6.177367030358554e-05
2019-04,7.460658282040287e-05
2019-04,9.445461515366896e-05
2019-04,0.00010699128033293218
2019-04,7.343221775704502e-05
2019-04,9.09220828161372e-05
2019-04,6.198472357006137e-05
2019-04,7.13887442358139e-05
2019-04,0.00011100446839871591
2019-04,9.810628172885182e-05
2019-04,9.814503607269118e-05
2019-04,7.942977576397999e-05
2019-04,6.87777646817267e-05
2019-04,6.897090215032279e-05
2019-04,9.486411584368234e-05
2019-04,7.21718869391211e-05
2019-04,8.390410126730451e-05
2019-04,8.743514778225954e-05
2019-04,9.03595320533701e-05
2019-04,8.682764014079127e-05
2019-04,7.873007971579257e-05
2019-04,9.898518474894972e-05
2019-04,9.51593540911957e-05
2019-04,5.76736068406157e-05
2019-04,9.782930694940325e-05
2019-04,8.601936223560112e-05
2019-04,7.996467792698982e-05
2019-04,7.266111532531565e-05
2019-04,6.595896855835225e-05
2019-04,7.557560188423236e-05
2019-04,7.475111994077028e-05
2019-04,8.885156077109854e-05
2019-04,0.00010734398537678637
2019-04,5.537736618405746e-05
2019-04,8.889677620221589e-05
2019-04,8.588033382191957e-05
2019-04,8.914366272953275e-05
2019-04,8.157717124039279e-05
2019-04,8.129134361881928e-05
2019-04,9.079522751577541e-05
2019-04,6.447249805408437e-05
2019-04,0.00011000916856573893
2019-04,0.00012048589590097379
2019-05,0.00010464186412107902
2019-05,8.097660777860498e-05
2019-05,0.00033282946423851014
2019-05,0.0001480936388281596
2019-05,0.00013624897002279424
2019-05,4.251899307436012e-05
2019-05,7.035794111329683e-05
2019-05,6.105140915677452e-05
2019-05,6.933421508872667e-05
2019-05,5.343146658897631e-05
2019-05,6.699600991383774e-05
2019-05,8.909740254431811e-05
2019-05,8.598601019638479e-05
2019-05,8.108067146499505e-05
2019-05,9.39650669765654e-05
2019-05,7.371567330280311e-05
2019-05,5.9498803200084166e-05
2019-05,7.712863321034032e-05
2019-05,7.276586227325823e-05
2019-05,6.852088506349178e-05
2019-05,6.093383164568427e-05
2019-05,6.343221364163456e-05
2019-05,6.406255283027246e-05
2019-05,5.847388366472532e-05
2019-05,5.589166352477523e-05
2019-05,9.812201039407616e-05
2019-05,9.163991672566011e-05
2019-05,0.0001182105950893422
2019-05,2.6950914936913607e-05
2019-05,5.461576527155935e-05
2019-05,9.332339653685254e-05
2019-05,7.105667140683392e-05
2019-05,6.30933799027227e-05
2019-05,5.0434076446114106e-05
2019-05,4.471317515708506e-05
2019-05,0.00010033789844701695
2019-05,0.00013820964246732476
2019-05,6.131350882635704e-05
2019-05,6.176232779750544e-05
2019-05,7.659635606546786e-05
2019-05,5.354099393150548e-05
2019-05,0.00011122526782968198
2019-05,3.967023333000347e-05
2019-05,4.094978679608941e-05
2019-05,5.821721991215224e-05
2019-05,6.713852711028094e-05
2019-05,6.367603412331799e-05
2019-05,9.300758761952145e-05
2019-05,0.00012710602656329636
2019-06,0.00018683051348712071
2019-06,0.00021634900355045457
2019-06,0.00015342434813808402
2019-06,9.507295192309672e-05
2019-06,0.00013055900074495456
2019-06,9.14271783317886e-05
2019-06,0.00013014128894933756
2019-06,9.119371811130481e-05
2019-06,5.4878020951043294e-05
2019-06,4.796281455191853e-05
2019-06,6.176024088210633e-05
2019-06,0.00012382112813240733
2019-06,6.67922286388162e-05
2019-06,6.161006615251818e-05
2019-06,9.95957088889554e-05
2019-06,9.326096187578514e-05
2019-06,5.606368969167835e-05
2019-06,6.0775597212820856e-05
2019-06,8.207723071104286e-05
2019-06,9.870193413242441e-05
2019-06,8.442704789586191e-05
2019-06,4.373417544667554e-05
2019-06,5.3636300496543826e-05
2019-06,5.466376659324409e-05
2019-06,4.4935371408987206e-05
2019-06,7.313800959824644e-05
2019-06,4.6674274769317515e-05
2019-06,6.155932063999972e-05
2019-06,4.8594152337275806e-05
2019-06,4.627188140418461e-05
2019-06,8.021416744966591e-05
2019-06,9.330246309383716e-05
2019-06,0.00011125562375586344
2019-06,5.095137057475515e-05
2019-06,5.0954139842725846e-05
2019-06,6.244093981985867e-05
2019-06,6.361244676799853e-05
2019-06,0.00010930249967236272
2019-06,7.614579578373971e-05
2019-06,5.243747627052125e-05
2019-06,3.699421941188108e-05
2019-06,8.530345550984812e-05
2019-06,4.660472130470052e-05
2019-06,6.868348533466066e-05
2019-06,5.2045176810152254e-05
2019-06,5.233759829093227e-05
2019-06,5.353534581412705e-05
2019-06,8.186640726543957e-05
2019-06,0.00011677317202578161
2019-07,0.00011910867960027651
2019-07,0.00016030886952492446
2019-07,4.2150626705774984e-05
2019-07,5.934492799131736e-05
2019-07,5.719211126006422e-05
2019-07,9.890894903557582e-05
2019-07,0.00010283288951313221
2019-07,7.942615018400822e-05
2019-07,5.511554348370304e-05
2019-07,4.8584190249233164e-05
2019-07,4.293465188434021e-05
2019-07,5.5756769592609095e-05
2019-07,6.117652939948433e-05
2019-07,6.117566043483239e-05
2019-07,7.994215837325575e-05
2019-07,3.8436216076320406e-05
2019-07,4.398933210132486e-05
2019-07,5.296635600370316e-05
2019-07,9.109580145889864e-05
2019-07,8.4779473750801e-05
2019-07,6.678182155534734e-05
2019-07,6.0828555512891066e-05
2019-07,7.377620235088489e-05
2019-07,0.00015307726331278832
2019-07,0.000179728902143139
2019-07,4.545729485285453e-05
2019-07,8.456201502638692e-05
2019-07,5.051751437213329e-05
2019-07,5.312428556028574e-05
2019-07,5.5887134072072036e-05
2019-07,6.452458416016483e-05
2019-07,9.779877625834925e-05
2019-07,5.0417753233594856e-05
2019-07,6.432148960528728e-05
2019-07,7.852329145783587e-05
2019-07,0.0001758279936584715
2019-07,0.0001326707250209714
2019-07,6.464555381257932e-05
2019-07,6.577072970192523e-05
2019-07,6.48333164719554e-05
2019-07,8.324660140238546e-05
2019-07,7.516583457777686e-05
2019-07,7.815810156560673e-05
2019-07,6.817900033024202e-05
2019-07,4.7681384110313394e-05
2019-08,5.628164674613636e-05
2019-08,6.066897738449703e-05
2019-08,6.397892282569076e-05
2019-08,5.900501563957936e-05
2019-08,5.060329140032685e-05
2019-08,5.8692146012687956e-05
2019-08,6.186747582570847e-05
2019-08,6.618386355928117e-05
2019-08,5.247949018461168e-05
2019-08,4.712387201892303e-05
2019-08,0.00013075364654924413
2019-08,0.00016773722490177157
2019-08,5.733730929642547e-05
2019-08,6.551381252682154e-05
2019-08,7.41978724542262e-05
2019-08,7.448732798539514e-05
2019-08,7.946632663333369e-05
2019-08,8.905365234469485e-05
2019-08,7.766117280355604e-05
2019-08,5.341525023761094e-05
2019-08,5.3425142173060675e-05
2019-08,4.912980845409809e-05
2019-08,6.7908882427862e-05
2019-08,6.11119087886154e-05
2019-08,6.535868120398369e-05
2019-08,6.219821879407841e-05
2019-08,6.150304639958076e-05
2019-08,0.000121036897750941
2019-08,6.911589720495783e-05
2019-08,0.00010410659778724913
2019-08,0.0001217530980237641
2019-08,6.388434575186448e-05
2019-08,5.241565318743351e-05
2019-08,5.202451371824767e-05
2019-08,5.7092077853922204e-05
2019-08,5.430472542148953e-05
2019-08,5.9397288777687e-05
2019-08,6.698371419187711e-05
2019-08,7.654798279124332e-05
2019-08,6.417967288609633e-05
2019-08,4.7196395511503844e-05
2019-08,6.981221449632964e-05
2019-08,6.287028378678453e-05
2019-08,6.267646987928589e-05
2019-08,6.668871686912836e-05
2019-08,6.968250300625777e-05
2019-08,6.380407893430175e-05
2019-08,6.472151657478564e-05
2019-08,5.3900880295431576e-05
2019-08,6.215376828892232e-05
2019-08,6.785949177151555e-05
2019-09,5.1814150928769315e-05
2019-09,5.7623672667796234e-05
2019-09,5.124243336345029e-05
2019-09,5.351737350036894e-05
2019-09,4.897773175607798e-05
2019-09,4.957022018328651e-05
2019-09,4.546978242041452e-05
2019-09,4.787732021581742e-05
2019-09,5.216353329642735e-05
2019-09,5.5038481894130696e-05
2019-09,5.319805475289724e-05
2019-09,5.245873283346132e-05
2019-09,4.614085823791728e-05
2019-09,5.134707999876751e-05
2019-09,5.584978622165821e-05
2019-09,5.4844359023091386e-05
2019-09,5.039157767221065e-05
2019-09,4.911356512648891e-05
2019-09,4.978516097111082e-05
2019-09,5.999914881143915e-05
2019-09,5.708307063119818e-05
2019-09,5.800047099143578e-05
2019-09,4.926758442591267e-05
2019-09,5.895239560959026e-05
2019-09,6.416514531735217e-05
2019-09,5.4640772276234904e-05
2019-09,5.812624292946144e-05
2019-09,5.977785086739808e-05
2019-09,4.963856533919537e-05
2019-09,5.279621353408751e-05
2019-09,5.4527552787760575e-05
2019-09,5.6646622114414e-05
2019-09,6.418793647349982e-05
2019-09,7.4432384386911e-05
2019-09,7.415969965896905e-05
2019-09,6.172317616007492e-05
2019-09,5.4006002801276434e-05
2019-09,5.7492977217362556e-05
2019-09,6.837005740770375e-05
2019-09,7.23954828340486e-05
2019-09,5.5337818034106954e-05
2019-09,7.068925201838118e-05
2019-09,6.414150712882474e-05
2019-09,6.584801554563326e-05
2019-09,6.609214903584979e-05
2019-09,6.0291516523093776e-05
2019-09,5.163909401835798e-05
2019-09,6.500439234703296e-05
2019-10,5.837474746031094e-05
2019-10,5.904259713588616e-05
2019-10,6.637899764921275e-05
2019-10,4.390280972635149e-05
2019-10,5.952092406883195e-05
2019-10,5.889029889137955e-05
2019-10,9.383985853461739e-05
2019-10,7.828114177389325e-05
2019-10,8.793739272663974e-05
2019-10,9.454649650564839e-05
2019-10,0.0001023441865418577
2019-10,9.783579217902657e-05
2019-10,9.320171752474111e-05
2019-10,8.91354003099224e-05
2019-10,6.531097317911056e-05
2019-10,6.426102052839013e-05
2019-10,6.989273971349673e-05
2019-10,6.202969132518511e-05
2019-10,7.438621057667456e-05
2019-10,9.228943993663664e-05
2019-10,7.58399409737462e-05
2019-10,6.474941899233636e-05
2019-10,9.043338419756464e-05
2019-10,7.998234145080668e-05
2019-10,7.475850695568368e-05
2019-10,9.33856968144613e-05
2019-10,9.828658722845677e-05
2019-10,8.422155171521783e-05
2019-10,9.07719940471441e-05
2019-10,7.620932279415817e-05
2019-10,7.920576423427767e-05
2019-10,4.198912357049391e-05
2019-10,9.205035031680311e-05
2019-10,8.861869727625698e-05
2019-10,7.097843422445653e-05
2019-10,6.575970704021701e-05
2019-10,8.055883009177209e-05
2019-10,8.474204633044193e-05
2019-10,8.841694772166776e-05
2019-10,6.962048329061754e-05
2019-10,8.00919697122314e-05
2019-10,8.162156399034779e-05
2019-10,0.00010775342930549175
2019-10,7.59425615219422e-05
2019-10,7.721789941000088e-05
2019-10,7.94188176688152e-05
2019-10,5.1196268618187686e-05
2019-10,7.827731548360045e-05
2019-10,7.550776084401902e-05
2019-10,7.640929157441613e-05
2019-11,8.51766553095878e-05
2019-11,5.4017172076440975e-05
2019-11,5.591925265388866e-05
2019-11,8.871352996754269e-05
2019-11,4.971086394131148e-05
2019-11,5.349722174775712e-05
2019-11,9.408572481305152e-05
2019-11,8.605248533285932e-05
2019-11,7.523298756958927e-05
2019-11,7.983807412421301e-05
2019-11,8.41540942113666e-05
2019-11,5.682715884666855e-05
2019-11,7.739469831962738e-05
2019-11,0.00010064203314009932
2019-11,0.00013450854152466783
2019-11,3.418522045739445e-05
2019-11,6.082172029950023e-05
2019-11,6.621354544074691e-05
2019-11,4.9410081356258484e-05
2019-11,6.864009124489358e-05
2019-11,6.785055366287985e-05
2019-11,6.169591133148904e-05
2019-11,4.064805911665784e-05
2019-11,8.831095385525029e-05
2019-11,6.218289207603252e-05
2019-11,6.224683327512719e-05
2019-11,8.226093390502096e-05
2019-11,6.186344278727406e-05
2019-11,5.3071996613257775e-05
2019-11,9.824022130214594e-05
2019-11,6.002263833059029e-05
2019-11,6.630179746679403e-05
2019-11,7.70274278295713e-05
2019-11,6.133362787470172e-05
2019-11,6.347104954335408e-05
2019-11,5.123650048107297e-05
2019-11,4.392860834787278e-05
2019-11,9.622449580278371e-05
2019-11,2.4643129298137878e-05
2019-11,4.484517769465485e-05
2019-11,4.5326653330377285e-05
2019-12,5.5418348735198905e-05
2019-12,5.671819314951291e-05
2019-12,3.6184005409534994e-05
2019-12,8.565501786046248e-05
2019-12,4.102038533931994e-05
2019-12,8.814265017116515e-05
2019-12,7.674977314988718e-05
2019-12,3.249120999877555e-05
2019-12,6.727012425759579e-05
2019-12,3.922206902243374e-05
2019-12,6.071048204185689e-05
2019-12,0.00013201152609017264
2019-12,0.00011747001232292507
2019-12,9.508119553933839e-05
2019-12,7.10906986224359e-05
2019-12,9.166132657938115e-05
2019-12,9.209924754526921e-05
2019-12,0.0001063666614513329
2019-12,0.00012028865918619288
2019-12,0.00010554798205403674
2019-12,7.021060921555927e-05
2019-12,6.1929204367175e-05
2019-12,7.011075480826452e-05
2019-12,5.750350464847158e-05
2019-12,8.027846313547313e-05
2019-12,6.231505724881038e-05
2019-12,8.003834564326113e-05
2019-12,7.950125866504809e-05
2019-12,5.9214837597089356e-05
2019-12,6.18419869834455e-05
2019-12,7.64268884444016e-05
2019-12,8.688787949199858e-05
2019-12,7.746639698767683e-05
2019-12,8.589084364856612e-05
2019-12,6.73524118745207e-05
2019-12,8.303209950639076e-05
2019-12,7.672604395000781e-05
2019-12,9.250398283321221e-05
2019-12,9.28175539384804e-05
2019-12,6.997809444153741e-05
2019-12,9.732703060255997e-05
2019-12,9.674832623519046e-05
2019-12,9.244718306108888e-05
2019-12,8.314189325806561e-05
2019-12,7.741838256250649e-05
2019-12,0.00012458548279442832
2019-12,6.969668398586731e-05
2019-12,3.250219410632314e-05
2019-12,2.4894987328231043e-05
2020-01,8.588841603256959e-05
2020-01,0.0001041080014697331
2020-01,9.978526461888448e-05
2020-01,8.552839902709393e-05
2020-01,8.563990805254654e-05
2020-01,7.105662546082229e-05
2020-01,7.525015609721562e-05
2020-01,0.000186586243810877
2020-01,8.149409192193941e-05
2020-01,9.915843403557502e-05
2020-01,7.623792241296121e-05
2020-01,9.081703676777762e-05
2020-01,8.299465183533801e-05
2020-01,0.0001222177316225301
2020-01,0.0001364936956512547
2020-01,5.648669761952137e-05
2020-01,0.00018784046345623773
2020-01,6.590877073704119e-05
2020-01,7.95671255274242e-05
2020-01,0.00010426110999938019
2020-01,0.00012645935999125828
2020-01,6.830661266126657e-05
2020-01,7.40750765373235e-05
2020-01,9.647731342701792e-05
2020-01,0.00013275662966695352
2020-01,7.868135567649623e-05
2020-01,0.00010640180007068272
2020-01,7.493908480770029e-05
2020-01,0.00014458400231618239
2020-01,0.0001255665361810863
2020-01,0.00012832529856237896
2020-01,0.00025648490756743615
2020-01,0.0001482523537178659
2020-01,7.490759097698841e-05
2020-01,7.496457758014063e-05
2020-01,7.723909708866966e-05
2020-01,5.81540129740806e-05
2020-01,7.304922614246929e-05
2020-01,8.003548372778331e-05
2020-01,0.00012456137786805992
2020-01,0.0002156350468331493
2020-01,7.514939551615362e-05
2020-01,5.5760387867832804e-05
2020-01,5.830460743334918e-05
2020-01,7.244731018590324e-05
2020-01,2.843413791682181e-05
2020-01,5.431626827122427e-05
2020-01,6.498637598708603e-05
2020-02,6.481170649717717e-05
2020-02,7.148323280022707e-05
2020-02,0.00012085992553031788
2020-02,9.842728441014333e-05
2020-02,8.688805261345346e-05
2020-02,7.614792480312044e-05
2020-02,5.01248112795541e-05
2020-02,5.0137580389154615e-05
2020-02,7.408808374367969e-05
2020-02,9.460675863917631e-05
2020-02,0.0001026191512201996
2020-02,7.057371157289501e-05
2020-02,6.467246218301428e-05
2020-02,3.664112178199797e-05
2020-02,6.539098954360053e-05
2020-02,6.490891750953003e-05
2020-02,5.2978552544469746e-05
2020-02,4.9836427374844785e-05
2020-02,5.5200305494444e-05
2020-02,5.991689874870392e-05
2020-02,5.986139758876336e-05
2020-02,0.00011138338475806658
2020-02,0.00015126252535928647
2020-02,0.00011878496737294894
2020-02,0.00013957522565498584
2020-02,0.00013458326206282714
2020-02,0.00010198417728595087
2020-02,5.918224907680801e-05
2020-02,6.441825014691993e-05
2020-02,6.53989987736394e-05
2020-02,9.522538564109441e-05
2020-02,9.587372839166156e-05
2020-02,8.081375189726265e-05
2020-02,9.479729461167866e-05
2020-02,0.00011547484768170873
2020-02,0.00011783312568904394
2020-02,0.0001425210262476814
2020-02,0.0001503813489657299
2020-02,0.00012448597375875313
2020-02,0.0001441816947142561
2020-02,0.00010829844359659783
2020-02,6.61037855525234e-05
2020-03,7.01983946373544e-05
2020-03,5.261898170042923e-05
2020-03,5.13605830381555e-05
2020-03,4.697014542521178e-05
2020-03,4.700618984764821e-05
2020-03,1.256149170274735e-05
2020-03,5.963128018535672e-05
2020-03,7.338709690940157e-05
2020-03,4.724787734200718e-05
2020-03,8.152201651104876e-05
2020-03,0.00010050770471281586
2020-03,8.16717457027531e-05
2020-03,5.7445148362301404e-05
2020-03,6.738101616540822e-05
2020-03,5.521489809878908e-05
2020-03,6.359687452814133e-05
2020-03,6.357488700404374e-05
2020-03,0.00012129429217376082
2020-03,8.387087493245968e-05
2020-03,7.667255179071781e-05
2020-03,7.64851364297899e-05
2020-03,0.00015069448399544568
2020-03,6.827079330483752e-05
2020-03,8.238317503480439e-05
2020-03,0.00011642592504572181
2020-03,6.33998023754451e-05
2020-03,0.00016241308612141052
2020-03,9.253820518493965e-05
2020-03,0.00015396206141335056
2020-03,7.580927645126552e-05
2020-03,4.864617850748345e-05
2020-03,7.775561628665135e-05
2020-03,9.807323923736231e-05
2020-03,7.689297231301983e-05
2020-03,0.00011230369404191128
2020-03,0.00015656956980223503
2020-03,6.546587635992641e-05
2020-03,8.09624064670763e-05
2020-03,0.00010928077521731352
2020-03,0.0001841351061346845
2020-03,0.00014317484566421054
2020-03,0.00015727494648587324
2020-03,8.599982562192952e-05
2020-03,0.00011933323433654467
2020-03,0.00015437301939945908
2020-03,9.46292964934618e-05
2020-04,0.0001518789251345624
2020-04,0.00013353406689280175
2020-04,0.00015178834359108866
2020-04,9.838699807551216e-05
2020-04,0.00015607691526897853
2020-04,8.601764078550121e-05
2020-04,8.704489651162465e-05
2020-04,6.447748540850659e-05
2020-04,6.289425833250834e-05
2020-04,6.28602365600702e-05
2020-04,8.421337405354124e-05
2020-04,5.754280544395587e-05
2020-04,0.00011710986583167512
2020-04,0.0001714935441395876
2020-04,9.772317202192002e-05
2020-04,0.00016167844284350265
2020-04,0.00011106980318190468
2020-04,9.627313390327499e-05
2020-04,6.982104745044111e-05
2020-04,7.636195748388186e-05
2020-04,7.826980789326729e-05
2020-04,7.397367643946896e-05
2020-04,6.894979100487792e-05
2020-04,6.863810799545155e-05
2020-04,8.280914659524794e-05
2020-04,9.697667806110665e-05
2020-04,6.138514821277098e-05
2020-04,7.306918043781272e-05
2020-04,6.389622174792655e-05
2020-04,7.708589659105353e-05
2020-04,6.93772493874863e-05
2020-04,9.292406720018549e-05
2020-04,7.00109897809633e-05
2020-04,0.0001606461267627763
2020-04,7.726203621598927e-05
2020-04,7.631042260313037e-05
2020-04,6.772570997018547e-05
2020-04,8.176884407124177e-05
2020-04,8.531497599828804e-05
2020-04,6.783794100636812e-05
2020-04,6.288811346625017e-05
2020-04,6.347313474025618e-05
2020-04,8.002476075725017e-05
2020-04,6.995031956076906e-05
2020-04,8.249898766579177e-05
2020-05,8.319012232701405e-05
2020-05,7.239776234850251e-05
2020-05,7.169415634471118e-05
2020-05,0.00010417055490387783
2020-05,0.00011555476471082293
2020-05,0.00012229163469257504
2020-05,0.00013661128678124502
2020-05,0.00011336046492995363
2020-05,0.00011360437932535335
2020-05,9.786480399242436e-05
2020-05,8.96514551371075e-05
2020-05,7.163305509052137e-05
2020-05,6.856381307404805e-05
2020-05,8.01628131956546e-05
2020-05,7.874731371647998e-05
2020-05,7.00782514110159e-05
2020-05,6.213365904390401e-05
2020-05,6.367305837354994e-05
2020-05,1.2932329191485244e-05
2020-05,0.00014355582292538917
2020-05,9.881241958277633e-05
2020-05,0.00010252756382753624
2020-05,0.00011543981520064733
2020-05,8.23520724722099e-05
2020-05,9.530253664720438e-05
2020-05,9.227545082816986e-05
2020-05,7.547450267158039e-05
2020-05,7.815402143794914e-05
2020-05,9.646693718328907e-05
2020-05,7.07191627608694e-05
2020-05,6.627500722691565e-05
2020-05,7.800774147389272e-05
2020-05,8.09032173780461e-05
2020-05,8.434926610758404e-05
2020-05,8.351645804614185e-05
2020-05,7.090371834019264e-05
2020-05,5.718386319482382e-05
2020-05,5.966061485443531e-05
2020-05,6.026292749412088e-05
2020-05,6.635224818215185e-05
2020-05,6.946807091098824e-05
2020-05,6.026391483499555e-05
2020-05,5.790865577616776e-05
2020-05,5.706957492593362e-05
2020-05,5.724902912429221e-05
2020-05,6.217374942269346e-05
2020-05,5.700939998741862e-05
2020-05,5.6533148957971184e-05
2020-05,7.301580879397584e-05
2020-05,9.007203415232115e-05
2020-05,6.92983300817037e-05
2020-05,6.0955694856461325e-05
2020-06,4.352228896968734e-05
2020-06,4.330550569317295e-05
2020-06,7.092536501692444e-05
2020-06,6.511755554462732e-05
2020-06,7.264611989583303e-05
2020-06,8.118079687577021e-05
2020-06,5.6081363279283846e-05
2020-06,9.913677360202237e-05
2020-06,2.488588250429793e-05
2020-06,7.299736858366113e-05
2020-06,8.232723458957169e-05
2020-06,8.035115814661301e-05
2020-06,8.245185284477363e-05
2020-06,9.026301023958305e-05
2020-06,8.630900063230679e-05
2020-06,7.646983051387112e-05
2020-06,7.88918969997894e-05
2020-06,8.021956982688957e-05
2020-06,7.465592160610095e-05
2020-06,6.0858990072712073e-05
2020-06,6.260045604930463e-05
2020-06,8.62026603629355e-05
2020-06,9.384177759677186e-05
2020-06,9.364437212834713e-05
2020-06,9.454747241188676e-05
2020-06,9.144027298726943e-05
2020-06,8.282773474241553e-05
2020-06,1.3790547447531907e-05
2020-06,7.864405951024252e-05
2020-06,9.267271555555102e-05
2020-06,6.559056126125866e-05
2020-06,8.816665883132535e-05
2020-06,5.182791427487668e-05
2020-06,8.422718551426705e-05
2020-06,8.624571992127183e-05
2020-06,8.51016133399421e-05
2020-06,9.780797273753692e-05
2020-06,7.49673497130813e-05
2020-06,0.00010082233300371077
2020-06,0.0001147746964600293
2020-06,9.391092676500485e-05
2020-06,9.965233643381543e-05
2020-06,6.219552050032887e-05
2020-06,8.725148796065747e-05
2020-06,7.604853378815856e-05
2020-06,8.152838776214556e-05
2020-06,9.656444261308688e-05
2020-07,7.943845477724339e-05
2020-07,0.00010142674995554527
2020-07,7.295093182255665e-05
2020-07,0.00010462716305154422
2020-07,9.998974623822775e-05
2020-07,0.00010667192388328634
2020-07,0.0001501965348630053
2020-07,0.00010810688359728238
2020-07,8.751245701100568e-05
2020-07,0.00011175173747815041
2020-07,9.279444170004108e-05
2020-07,5.8145520289496e-05
2020-07,8.962902313614048e-05
2020-07,9.172006977613022e-05
2020-07,5.884772055102887e-05
2020-07,5.588101585664223e-05
2020-07,8.376559365124169e-05
2020-07,0.00010244030171801934
2020-07,9.377729564670645e-05
2020-07,0.0001004770008309982
2020-07,6.511160700064413e-05
2020-07,6.740585856599251e-05
2020-07,8.279627974567153e-05
2020-07,5.637497689297889e-05
2020-07,7.287897028348342e-05
2020-07,8.311114911898465e-05
2020-07,8.326171244846252e-05
2020-07,7.805568511945808e-05
2020-07,7.603397991640743e-05
2020-07,9.223016597141276e-05
2020-07,7.708105070754492e-05
2020-07,8.304947152777329e-05
2020-07,6.277703744190719e-05
2020-07,6.291640834034815e-05
2020-07,7.358104565939879e-05
2020-07,7.31018506458315e-05
2020-07,8.361814638763384e-05
2020-07,7.613515290501641e-05
2020-07,6.197928083588089e-05
2020-07,6.224922028608815e-05
2020-07,7.017242088392592e-05
2020-07,0.0001062802168675734
2020-08,9.856760254716083e-05
2020-08,0.00010181834828932874
2020-08,9.675827970018678e-05
2020-08,9.939270639964433e-05
2020-08,0.00011477573019122228
2020-08,5.572756445259071e-05
2020-08,9.88431665155203e-05
2020-08,9.553482548098245e-05
2020-08,0.00010168529552276129
2020-08,8.45919528353337e-05
2020-08,8.079300055742211e-05
2020-08,7.05535106765661e-05
2020-08,9.15200255284261e-05
2020-08,0.00010358494003841235
2020-08,8.310869041512636e-05
2020-08,9.539746327889393e-05
2020-08,0.00011288879402930877
2020-08,9.612467151276448e-05
2020-08,9.18987162364451e-05
2020-08,0.00010440456204552759
2020-08,5.739460340820276e-05
2020-08,5.681864667628198e-05
2020-08,9.727676057531986e-05
2020-08,0.00010914122372296588
2020-08,0.00012328800499860663
2020-08,5.842626346251695e-05
2020-08,4.408670053077799e-05
2020-08,0.00010056114224287009
2020-08,6.110847330916881e-05
2020-08,9.391258535447227e-05
2020-08,6.354404615667382e-05
2020-08,8.247107959895987e-05
2020-08,9.77373018222437e-05
2020-08,9.727190139263681e-05
2020-08,5.5313222441317865e-05
2020-08,8.162683611027473e-05
2020-08,9.222372585323846e-05
2020-08,9.90703389192996e-05
2020-08,9.893633306773129e-05
2020-08,8.892412258649429e-05
2020-08,0.00010079762663165132
2020-08,0.00010969551165413676
2020-08,9.189382242770697e-05
2020-08,0.0001071701675265879
2020-08,8.167683136213813e-05
2020-08,7.934577423760104e-05
2020-08,9.158178505221805e-05
2020-08,0.00015545176588561862
2020-09,9.667630647585252e-05
2020-09,6.327086904047082e-05
2020-09,8.15796204723843e-05
2020-09,0.0001440352112276222
2020-09,0.00014437909533927273
2020-09,0.00011462370804656545
2020-09,8.472183814828567e-05
2020-09,6.226161873914426e-05
2020-09,7.880398783336595e-05
2020-09,5.865642372785605e-05
2020-09,6.465996790439007e-05
2020-09,0.0001342509508908983
2020-09,7.158288511805649e-05
2020-09,7.155191750779394e-05
2020-09,9.141123270598107e-05
2020-09,9.078530308922159e-05
2020-09,0.00012360412209802898
2020-09,0.00013410806475152014
2020-09,0.00018083088554571156
2020-09,0.00017314172616034954
2020-09,0.00010495463301605709
2020-09,0.00011487316571907911
2020-09,9.402170069802835e-05
2020-09,0.0001253651819515891
2020-09,9.090753810458955e-05
2020-09,7.958367274861632e-05
2020-09,7.687016786010792e-05
2020-09,0.00012722304996315263
2020-09,0.0002597862418883845
2020-09,0.00010435495036704282
2020-09,0.00010504853556049449
2020-09,7.851354755951705e-05
2020-09,5.968953672317791e-05
2020-09,8.410299794482481e-05
2020-09,0.00012546821473964753
2020-09,0.0002432875633036152
2020-09,0.00016683934294354108
2020-09,2.350074017713984e-05
2020-09,6.250560176461676e-05
2020-09,5.9800463458667795e-05
2020-09,5.662132641412265e-05
2020-09,7.933918885565385e-05
2020-09,6.803286521814535e-05
2020-09,7.628894866455406e-05
2020-09,3.576813829514896e-05
2020-09,5.5261385714586544e-05
2020-09,8.629061236918653e-05
2020-09,0.00012729132668458436
2020-09,0.0001034794177262624
2020-10,0.00010278142804192497
2020-10,5.189674313627265e-05
2020-10,3.975956741597483e-05
2020-10,8.933739700347797e-05
2020-10,7.527005857642857e-05
2020-10,8.760644166933702e-05
2020-10,7.335852087934572e-05
2020-10,8.820079854801893e-05
2020-10,6.49534102246753e-05
2020-10,0.0001419839567557526
2020-10,6.909871023509e-05
2020-10,0.00010374773359547748
2020-10,7.320449404027482e-05
2020-10,0.00027874232639395137
2020-10,0.0001285658141891387
2020-10,8.898895310265203e-05
2020-10,6.85691317333306e-05
2020-10,8.345766627448655e-05
2020-10,3.899999662331317e-05
2020-10,7.209809814619309e-05
2020-10,5.033579393215756e-05
2020-10,5.9635074472238164e-05
2020-10,6.411903004984995e-05
2020-10,0.00014994907536958717
2020-10,0.00014213963122209364
2020-10,0.00019876356184670796
2020-10,0.00011635496881523847
2020-10,0.0001510740588886635
2020-10,0.00020594679227591066
2020-10,0.00013363203411031045
2020-10,5.89348851503507e-05
2020-10,6.159678365828285e-05
2020-10,0.00011523860338496762
2020-10,6.820137428836089e-05
2020-10,6.682803705207211e-05
2020-10,5.438502207531079e-05
2020-10,5.988330742977929e-05
2020-10,9.119736557827523e-05
2020-10,7.29904124436062e-05
2020-10,0.0001404614886304441
2020-10,0.00014202304145485324
2020-10,0.00016507164566920097
2020-10,0.00014094628851341704
2020-10,0.00012151754955856804
2020-10,7.112704912651496e-05
2020-10,0.00015518153036094592
2020-10,0.0002455455563890975
2020-10,0.00019813230430835914
2020-10,0.00010437482486100281
2020-11,0.00010347874627129463
2020-11,0.00020573377530742012
2020-11,7.779908090297332e-05
2020-11,7.101320365098668e-05
2020-11,4.061075465431465e-05
2020-11,4.065990449394281e-05
2020-11,6.524695005599564e-05
2020-11,5.069294941781505e-05
2020-11,4.234763953820539e-05
2020-11,4.927111025843007e-05
2020-11,5.5012211108248613e-05
2020-11,8.961899801298923e-05
2020-11,0.00013950211204945254
2020-11,0.000160119444670224
2020-11,8.687833143795521e-05
2020-11,0.00010550087000296685
2020-11,6.066899780449792e-05
2020-11,0.00010469994435402229
2020-11,6.652677495166633e-05
2020-11,6.613708370197677e-05
2020-11,6.723742103395434e-05
2020-11,6.355670953954073e-05
2020-11,6.843032973213331e-05
2020-11,7.085012146182016e-05
2020-11,6.086362450994626e-05
2020-11,7.31695697325941e-05
2020-11,5.87055507310346e-05
2020-11,0.00011197458196213786
2020-11,0.00018035226740264177
2020-11,0.00017356670644487742
2020-11,0.00011798781025178111
2020-11,8.866776754232348e-05
2020-11,0.00010242657691292044
2020-11,7.920525581922537e-05
2020-11,7.293262984399446e-05
2020-11,6.95302636360411e-05
2020-11,4.412155590159816e-05
2020-11,0.0001048867707029442
2020-11,9.996576947444366e-05
2020-11,5.907387961972613e-05
2020-11,0.00017205633004902622
2020-11,0.0002506778457259578
2020-11,0.0001926696850386926
2020-11,7.606928864710976e-05
2020-11,8.49046709142533e-05
2020-12,0.00010337897065779202
2020-12,8.090429013008764e-05
2020-12,0.00010236547766321951
2020-12,0.00011926083240448163
2020-12,0.00010490491596339542
2020-12,6.334832209455799e-05
2020-12,0.000244178372032083
2020-12,6.193258332652175e-05
2020-12,8.878977770983996e-05
2020-12,0.00012722193804259378
2020-12,8.305420319033905e-05
2020-12,0.00010823396956394819
2020-12,8.731725451758099e-05
2020-12,7.541335904812289e-05
2020-12,8.151647404291475e-05
2020-12,7.007745797223515e-05
2020-12,7.127275895153701e-05
2020-12,9.116346340724757e-05
2020-12,6.413518458433344e-05
2020-12,7.140635534007675e-05
2020-12,8.078801690274257e-05
2020-12,0.00016397674975181858
2020-12,6.635717506598145e-05
2020-12,8.08702431727234e-05
2020-12,0.0001332491047228066
2020-12,0.00011438987124301033
2020-12,7.437998252373941e-05
2020-12,0.00014094546087843198
2020-12,6.116460655860477e-05
2020-12,7.23420871464669e-05
2020-12,7.030264095422301e-05
2020-12,5.338817268600048e-05
2020-12,5.882329501933923e-05
2020-12,7.887915978095839e-05
2020-12,7.48476385375753e-05
2020-12,9.85036068778007e-05
2020-12,8.802247736824857e-05
2020-12,8.79671185455236e-05
2020-12,7.713683021851023e-05
2020-12,8.098311976738166e-05
2020-12,8.254756738777554e-05
2020-12,9.994346951014158e-05
2020-12,8.037962150864019e-05
2020-12,8.103362388958485e-05
2020-12,0.00010790526200908801
2020-12,9.653600227928552e-05
2020-12,8.046436776925866e-05
2020-12,0.00011068828978716918
2020-12,0.00010187157156070179
2021-01,7.40669795156416e-05
2021-01,6.889264347826505e-05
2021-01,6.889981663651456e-05
2021-01,6.505735967380098e-05
2021-01,6.389892197471506e-05
2021-01,7.560273093561851e-05
2021-01,6.834078599471467e-05
2021-01,6.841824308066323e-05
2021-01,8.425339059128881e-05
2021-01,8.772157768124076e-05
2021-01,7.585308658052813e-05
2021-01,6.674322162846628e-05
2021-01,6.830254016665342e-05
2021-01,7.308098297281649e-05
2021-01,7.291979538155929e-05
2021-01,6.2463756808503e-05
2021-01,6.21157329903143e-05
2021-01,6.357017472927566e-05
2021-01,6.892366612493259e-05
2021-01,5.8700046155797057e-05
2021-01,6.066724510041054e-05
2021-01,5.481437539986872e-05
2021-01,5.019358271060538e-05
2021-01,5.862269462661581e-05
2021-01,4.497803587184502e-05
2021-01,8.37663316649772e-05
2021-01,9.00469728070303e-05
2021-01,9.756072142265997e-05
2021-01,7.104483476042645e-05
2021-01,7.26301955377148e-05
2021-01,8.322884105748308e-05
2021-01,6.46503100578938e-05
2021-01,7.603320433812274e-05
2021-01,6.24145062813419e-05
2021-01,5.5699774441254855e-05
2021-01,6.612279746061012e-05
2021-01,6.402890068411501e-05
2021-01,7.583874164558728e-05
2021-01,7.637318299877519e-05
2021-01,6.279051618522382e-05
2021-01,6.487919868971485e-05
2021-01,7.283940144694891e-05
2021-01,7.485998056778108e-05
2021-01,0.0001136472889036139
2021-01,8.475256413446735e-05
2021-01,0.0001236623415284646
2021-01,6.758399360416479e-05
2021-01,9.360271291869743e-05
2021-01,9.955057286073927e-05
2021-02,0.00011967684521967502
2021-02,9.669623954491563e-05
2021-02,0.0001035447071906799
2021-02,6.754127119270273e-05
2021-02,0.00010196311081881354
2021-02,0.00010934712604474754
2021-02,9.857470994511898e-05
2021-02,9.213876239643009e-05
2021-02,6.925786309528409e-05
2021-02,4.874973544861685e-05
2021-02,5.81647170945474e-05
2021-02,8.079158242911792e-05
2021-02,8.567402602354406e-05
2021-02,9.96484071005843e-05
2021-02,6.977963040991258e-05
2021-02,0.00013248456267394573
2021-02,9.750047500847964e-05
2021-02,0.00010687439309287264
2021-02,9.999242473165663e-05
2021-02,8.903216555099422e-05
2021-02,9.858939034279608e-05
2021-02,0.00012478594726349877
2021-02,0.00010008309825608499
2021-02,0.00010307658609825471
2021-02,9.89230274511893e-05
2021-02,5.1601560601250374e-05
2021-02,0.00010028631092451962
2021-02,0.00012085163488457055
2021-02,0.0001099978102477594
2021-02,8.57646754635435e-05
2021-02,9.142721722052609e-05
2021-02,7.119668468843078e-05
2021-02,8.429861841235141e-05
2021-02,0.00010789270193552255
2021-02,0.00010445639801289458
2021-02,0.00013828458129653613
2021-02,0.00016061710169326015
2021-02,0.00010785749167725634
2021-02,0.00011902000961404556
2021-02,9.013720689933059e-05
2021-02,8.768927648904532e-05
2021-02,9.08285374224941e-05
2021-02,9.845253671240656e-05
2021-02,0.00010273649304416738
2021-03,0.00010085187766278896
2021-03,9.345872974939244e-05
2021-03,6.207813553445951e-05
2021-03,6.850133615351044e-05
2021-03,7.113966299421398e-05
2021-03,8.281903572055543e-05
2021-03,7.338858028821059e-05
2021-03,0.00011124118758833088
2021-03,9.777667330360527e-05
2021-03,7.096236436175157e-05
2021-03,9.218297795500735e-05
2021-03,5.4863041664529404e-05
2021-03,8.534840691012998e-05
2021-03,6.566958552673971e-05
2021-03,5.436487415658368e-05
2021-03,6.268567071830684e-05
2021-03,4.801080376949941e-05
2021-03,0.00010393632220733342
2021-03,6.804199784033885e-05
2021-03,4.437017295645276e-05
2021-03,4.4834224272236515e-05
2021-03,7.766492403927264e-05
2021-03,7.7219319106514e-05
2021-03,7.217217268985562e-05
2021-03,9.465990192189485e-05
2021-03,7.969903820874049e-05
2021-03,4.0588224336390466e-05
2021-03,7.593661879262493e-05
2021-03,0.00010436083868110147
2021-03,0.0001298102076709818
2021-03,0.00010270669481026187
2021-03,6.269091499225527e-05
2021-03,8.14125210871359e-05
2021-03,8.687005449478188e-05
2021-03,9.696343730380516e-05
2021-03,9.370678942612817e-05
2021-03,0.00015648203381342696
2021-03,0.0001562526981380903
2021-03,0.00012052007396896846
2021-03,0.0001203338423567228
2021-03,0.0001241822109479789
2021-03,6.97352752668109e-05
2021-03,0.00010756425813076286
2021-03,9.492929425844914e-05
2021-03,0.00012963903964962904
2021-03,7.239180436752645e-05
2021-03,9.407074459450105e-05
2021-03,5.9576641632234994e-05
2021-04,7.300335134344172e-05
2021-04,8.347494821070468e-05
2021-04,4.649353910740468e-05
2021-04,7.693240937458324e-05
2021-04,7.672211422672702e-05
2021-04,7.724153296746662e-05
2021-04,6.817859390730074e-05
2021-04,8.899702481441828e-05
2021-04,9.067572427461495e-05
2021-04,7.003049938608097e-05
2021-04,5.891092409720365e-05
2021-04,5.810166102190059e-05
2021-04,7.808565599177343e-05
2021-04,8.356611308014442e-05
2021-04,8.73452510664529e-05
2021-04,8.527321554636421e-05
2021-04,9.504137143431402e-05
2021-04,8.296417228821198e-05
2021-04,8.295633572651924e-05
2021-04,9.121770186761381e-05
2021-04,9.093844696978595e-05
2021-04,8.314733779243997e-05
2021-04,8.320897637782063e-05
2021-04,9.627236592474809e-05
2021-04,0.00010273087333031438
2021-04,0.00010331776182537557
2021-04,0.00012624784448509252
2021-04,8.249293447884672e-05
2021-04,0.00010882373603970965
2021-04,0.00011160214527078827
2021-04,6.61733292572171e-05
2021-04,4.584744379882257e-05
2021-04,8.49511880811822e-05
2021-04,8.83425971179046e-05
2021-04,7.754051350311081e-05
2021-04,8.20438226937162e-05
2021-04,0.00010823926442681179
2021-04,0.00010461405339182302
2021-04,7.0182949230006e-05
2021-04,7.015391410389385e-05
2021-04,6.809782688958797e-05
2021-04,8.967200328999172e-05
2021-04,9.195469466950251e-05
2021-04,8.533514700867448e-05
2021-04,9.031833527525949e-05
2021-05,7.792657793437822e-05
2021-05,9.892162564927553e-05
2021-05,0.00010077248235490903
2021-05,0.00010126854334592036
2021-05,6.363251784378339e-05
2021-05,8.212431326199951e-05
2021-05,0.00010261235374789271
2021-05,0.00010114453654801929
2021-05,0.00010262131803365656
2021-05,0.00010258225958352589
2021-05,7.36980364103688e-05
2021-05,0.00013607875188214962
2021-05,0.00011040108205176495
2021-05,0.0001217586251167278
2021-05,0.00013920432376029427
2021-05,0.00011284980108520977
2021-05,8.410648213708881e-05
2021-05,7.808438927423793e-05
2021-05,6.365646013001605e-05
2021-05,8.651663670051615e-05
2021-05,9.94558587568348e-05
2021-05,0.0003008551018281796
2021-05,7.099758653783062e-05
2021-05,8.040959304232268e-05
2021-05,6.76885173911285e-05
2021-05,7.683123046352357e-05
2021-05,0.00013570587241959036
2021-05,2.405966386724134e-05
2021-05,0.00015909348905503783
2021-05,8.61079310398681e-05
2021-05,6.3601695178798e-05
2021-05,6.374634202969121e-05
2021-05,0.00012752155160839366
2021-05,0.00019633367314552414
2021-05,8.575090535207537e-05
2021-05,7.176328150186984e-05
2021-05,9.636854487729247e-05
2021-05,9.77521219221096e-05
2021-05,9.863074688349384e-05
2021-05,0.0001151044456426996
2021-05,0.0001513382704320843
2021-05,5.445593268078068e-05
2021-05,7.579750576524944e-05
2021-05,5.330925174091405e-05
2021-05,0.00010390951656875556
2021-05,7.767317454707577e-05
2021-05,0.00013019546585934548
2021-05,6.73504207563291e-05
2021-05,6.713404471873666e-05
2021-06,6.699920515010662e-05
2021-06,0.00012842448955406125
2021-06,6.960200745192948e-05
2021-06,0.00011426826241207032
2021-06,0.0001450583538118614
2021-06,0.00016648739639867486
2021-06,6.918318913699654e-05
2021-06,6.54171120918389e-05
2021-06,4.6121971478367316e-05
2021-06,8.08489323104733e-05
2021-06,8.056870946206832e-05
2021-06,5.6800307412471846e-05
2021-06,0.00021685093110075814
2021-06,0.00015388112272993724
2021-06,0.00015419893158972954
2021-06,0.0001514210519701502
2021-06,0.000107950612884889
2021-06,6.885975983487823e-05
2021-06,8.670464189212101e-05
2021-06,0.00010840571667498705
2021-06,0.00013752728139510646
2021-06,0.00013684129579090155
2021-06,0.00012757519143965303
2021-06,0.00017428152124296994
2021-06,0.00016230188554597957
2021-06,7.112133404218047e-05
2021-06,6.577115740412433e-05
2021-06,7.76884764219846e-05
2021-06,9.284069093578817e-05
2021-06,0.00011811451687219
2021-06,0.00019219325506177604
2021-06,0.00011661827102827431
2021-06,6.246355752308788e-05
2021-06,6.607213743408427e-05
2021-06,6.110747464802974e-05
2021-06,7.695104850040548e-05
2021-06,0.0001262300643812817
2021-06,0.00018997138182659607
2021-06,0.00013150947110993443
2021-06,5.51301902870535e-05
2021-06,0.00010689545486619872
2021-06,0.00013585502918394434
2021-06,0.00014702571772046646
2021-06,0.0001916461703286615
2021-06,0.00010317376126340013
2021-06,9.066530878198628e-05
2021-06,8.68230963911877e-05
2021-06,5.7283544377052774e-05
2021-07,5.490978779619178e-05
2021-07,6.803259097371022e-05
2021-07,8.57684272927874e-05
2021-07,0.0001035197571674848
2021-07,0.00018641527292788745
2021-07,0.0001229419942318512
2021-07,0.00014198320056743848
2021-07,7.114586737193607e-05
2021-07,6.838850049675204e-05
2021-07,7.560572621921238e-05
2021-07,8.114869006866424e-05
2021-07,6.899533059725938e-05
2021-07,7.306841474939519e-05
2021-07,7.654348531407834e-05
2021-07,0.0001457879950366953
2021-07,0.000142319718115057
2021-07,0.00010451916228424924
2021-07,0.00012266164201091224
2021-07,0.00010734534265902127
2021-07,0.0002052281623977978
2021-07,0.00033095798018941693
2021-07,0.00010634470165496947
2021-07,0.00013069695760055294
2021-07,0.00012906562087993428
2021-07,0.00014402166559450137
2021-07,7.974611214909865e-05
2021-07,7.290782702585315e-05
2021-07,7.111449347100115e-05
2021-07,7.112751760719342e-05
2021-07,5.9196959836797134e-05
2021-07,0.0001320028324717558
2021-07,0.00010272387059645312
2021-07,5.9087921036255285e-05
2021-07,7.422554453716544e-05
2021-07,9.404248788370591e-05
2021-07,0.00011980218250103879
2021-07,0.00015385281051834583
2021-07,0.00011486643076330572
2021-07,7.2099532945472e-05
2021-07,7.468351271962819e-05
2021-07,0.00011919215010292557
2021-07,0.0001152250222126889
2021-07,7.06868530827867e-05
2021-07,9.365320876027317e-05
2021-07,0.00013645055096174862
2021-07,0.00013532214068757767
2021-07,9.560367417921763e-05
2021-07,7.864397283492213e-05
2021-07,0.00011914581777971105
2021-07,0.00010511042763362419
2021-08,7.474500095722584e-05
2021-08,0.00017261142898819393
2021-08,0.00020944188903803263
2021-08,0.00023326503396905248
2021-08,0.0002469768301314569
2021-08,0.00021777850363292973
2021-08,0.00018525645236617129
2021-08,8.079935368990292e-05
2021-08,7.943352515466151e-05
2021-08,7.476629893398855e-05
2021-08,7.15158239342159e-05
2021-08,8.929899888232398e-05
2021-08,8.837067092161348e-05
2021-08,0.00019953601539062944
2021-08,8.052857882435001e-05
2021-08,8.837921824790716e-05
2021-08,8.334135965156408e-05
2021-08,0.0001867565149036206
2021-08,7.863153763164947e-05
2021-08,9.337881227548186e-05
2021-08,7.257106848490722e-05
2021-08,7.707541903631235e-05
2021-08,6.660086938872387e-05
2021-08,9.290082286270413e-05
2021-08,0.00010324711932439708
2021-08,6.377093500133152e-05
2021-08,7.455526725310388e-05
2021-08,8.873006861566206e-05
2021-08,7.20586789818788e-05
2021-08,9.294762765138202e-05
2021-08,0.00011195656692535265
2021-08,8.308610023979236e-05
2021-08,0.00010627415997635079
2021-08,7.41658116164691e-05
2021-08,8.41592023237863e-05
2021-08,8.047839057278559e-05
2021-08,5.974100591824108e-05
2021-08,5.7712073024201065e-05
2021-08,6.173734476218989e-05
2021-08,8.19188144034228e-05
2021-08,7.766532828237135e-05
2021-08,8.710537928973337e-05
2021-08,0.00010064896358707319
2021-08,8.344111028993615e-05
2021-09,9.246382710857656e-05
2021-09,8.124933574561781e-05
2021-09,8.408814116049822e-05
2021-09,7.348616463868794e-05
2021-09,0.00011185918246773137
2021-09,8.570937815932696e-05
2021-09,7.326686396758252e-05
2021-09,7.834318382243371e-05
2021-09,8.334339752415136e-05
2021-09,8.943136732415803e-05
2021-09,8.105930944499881e-05
2021-09,7.885788706335752e-05
2021-09,7.893564650947378e-05
2021-09,8.508315724237731e-05
2021-09,8.285205050942432e-05
2021-09,8.686701521073413e-05
2021-09,8.578467225003678e-05
2021-09,8.638250564571294e-05
2021-09,8.02607669904911e-05
2021-09,7.263840091691426e-05
2021-09,7.289625490423547e-05
2021-09,7.479815722934188e-05
2021-09,8.597253211100735e-05
2021-09,9.275013409937545e-05
2021-09,9.206019241680127e-05
2021-09,9.208324756628153e-05
2021-09,9.868538523688586e-05
2021-09,0.00010014695749512339
2021-09,8.65902455820242e-05
2021-09,8.830060631250269e-05
2021-09,9.629404283818826e-05
2021-09,0.00010580274175650544
2021-09,9.990627233194653e-05
2021-09,8.990248817783906e-05
2021-09,8.770566987848156e-05
2021-09,7.378192815610878e-05
2021-09,6.946408891176726e-05
2021-09,0.00014130148214832445
2021-09,6.831326930377583e-05
2021-09,6.994965262963709e-05
2021-09,7.416681229568466e-05
2021-09,7.569446964776362e-05
2021-09,5.9235639637277285e-05
2021-09,5.844217688287222e-05
2021-09,7.710374567143662e-05
2021-09,7.311205546690951e-05
2021-10,1.5788417854254343e-05
2021-10,6.708155028871392e-05
2021-10,7.591146331660588e-05
2021-10,0.00010756679863707223
2021-10,0.00011444151023895697
2021-10,0.00014910244940165402
2021-10,0.0001161680296698662
2021-10,0.00011233586492927458
2021-10,0.00011382016096272986
2021-10,0.00015496726036279244
2021-10,0.0001248858909326078
2021-10,0.00010446755158198933
2021-10,0.00010389323194983346
2021-10,0.00011537992811417626
2021-10,0.00011999036565129407
2021-10,0.00012525650222930835
2021-10,8.199989995903966e-05
2021-10,8.63258612660085e-05
2021-10,9.387150372457022e-05
2021-10,0.00012444509347259953
2021-10,0.00012700728070100335
2021-10,0.00012846352269703278
2021-10,0.00012988906484233818
2021-10,8.78705775871062e-05
2021-10,0.0001158226333337027
2021-10,0.00010172248412694012
2021-10,0.00012393172273500555
2021-10,0.0001234113960242816
2021-10,0.00011195761964451899
2021-10,0.0001234160801860012
2021-10,0.00012240062595836895
2021-10,0.00010419471344315434
2021-10,0.00014602039585214687
2021-10,0.00011494563819855109
2021-10,0.00013299754566967653
2021-10,0.00010897314041036196
2021-10,0.00010925773864185649
2021-10,0.00011046982706237124
2021-10,0.00011739819503153097
2021-10,9.264814786001594e-05
2021-10,0.00011928427593674378
2021-10,0.00010271874573930759
2021-10,0.0001010926709343951
2021-10,0.00014518036399862789
2021-10,0.00012231306839662948
2021-10,0.0001104060276783628
2021-10,8.104090639448275e-05
2021-10,0.00013541504662462834
2021-10,0.00010685008102254735
2021-10,7.17546789970364e-05
2021-10,8.778393076599582e-05
2021-11,8.797449645243653e-05
2021-11,8.557953779631673e-05
2021-11,7.994149543944118e-05
2021-11,9.957087825870118e-05
2021-11,0.00010261256258605288
2021-11,0.0001022022432672735
2021-11,9.877484427418679e-05
2021-11,9.809004279463336e-05
2021-11,0.00014831450882964175
2021-11,6.506313274721376e-05
2021-11,8.386454919781882e-05
2021-11,0.0001212201905411265
2021-11,0.00010136588932540428
2021-11,9.405518187015006e-05
2021-11,6.536394854143374e-05
2021-11,9.019086770913259e-05
2021-11,4.225331704085221e-05
2021-11,0.00015842646431767367
2021-11,0.00010220057908742586
2021-11,9.652345136749205e-05
2021-11,8.072468825420773e-05
2021-11,8.786673901597273e-05
2021-11,6.987429607979762e-05
2021-11,0.00010432746609189137
2021-11,8.751359706098843e-05
2021-11,8.610119815492462e-05
2021-11,0.00011023736296622393
2021-11,9.785207242017618e-05
2021-11,8.696142138329044e-05
2021-11,9.770278061386545e-05
2021-11,8.307504428022989e-05
2021-11,8.987486977855146e-05
2021-11,8.432270004303681e-05
2021-11,8.367727354911808e-05
2021-11,7.578198057567545e-05
2021-11,8.000319937930962e-05
2021-11,8.497506975505842e-05
2021-11,7.992604070821677e-05
2021-11,8.039935903751966e-05
2021-11,8.701372134668021e-05
2021-11,8.130025740950255e-05
2021-11,0.00010931834805989482
2021-11,0.00011777293265085002
2021-11,0.00013987730143519674
2021-11,0.00010772172502836077
2021-11,0.00013039720707646538
2021-11,9.974125163802326e-05
2021-11,9.73981819187133e-05
2021-11,0.00010327297771104197
2021-11,9.628558129429322e-05
2021-11,9.450301086990288e-05
2021-11,8.383982881156557e-05
2021-11,8.420750725202599e-05
2021-12,8.195265104951492e-05
2021-12,9.962058271727212e-05
2021-12,8.428033706132106e-05
2021-12,9.908826903588283e-05
2021-12,0.00011256220683263694
2021-12,8.584348281971778e-05
2021-12,0.00010709344363563669
2021-12,9.647283527351875e-05
2021-12,0.00010934742528174516
2021-12,8.197002616795195e-05
2021-12,0.00011063991833359012
2021-12,0.00011095707647629001
2021-12,9.080500317816899e-05
2021-12,0.00010505290261206077
2021-12,0.00010391523339394288
2021-12,9.880579952406723e-05
2021-12,7.628375641851222e-05
2021-12,4.3876364426477166e-05
2021-12,7.965171114584485e-05
2021-12,9.879680275162007e-05
2021-12,8.791535893702617e-05
2021-12,0.00010312970426467052
2021-12,5.3571973499776314e-05
2021-12,4.507711876257064e-05
2021-12,9.731631649380331e-05
2021-12,7.714768039969923e-05
2021-12,0.00010246771617685287
2021-12,8.824913581745665e-05
2021-12,8.990125312741972e-05
2021-12,8.160115567463393e-05
2021-12,8.657395023846483e-05
2021-12,9.911365582293477e-05
2021-12,9.883187374109887e-05
2021-12,8.717183450589873e-05
2021-12,9.00414129181942e-05
2021-12,9.365150024257087e-05
2021-12,9.250190842102939e-05
2021-12,9.872686039753675e-05
2021-12,9.018643163967903e-05
2021-12,9.352064154908725e-05
2021-12,9.537685181689422e-05
2021-12,9.220291983759541e-05
2021-12,9.19651144923912e-05
2021-12,7.838899725535506e-05
2021-12,7.677748810782873e-05
2021-12,7.505800942715148e-05
2022-01,9.679046214831932e-05
2022-01,9.659574643354954e-05
2022-01,0.00010881919278210773
2022-01,8.362706927136289e-05
2022-01,8.414206386356599e-05
2022-01,8.815707178352538e-05
2022-01,7.855734357408848e-05
2022-01,8.548372940443012e-05
2022-01,8.622466780866029e-05
2022-01,8.794069441127835e-05
2022-01,0.00011183459788700851
2022-01,9.557650893102346e-05
2022-01,6.904878030323257e-05
2022-01,9.778257473754165e-05
2022-01,9.85232005303321e-05
2022-01,0.0002423382398779893
2022-01,6.334574648826761e-05
2022-01,0.00011080869428281498
2022-01,8.303602934113302e-05
2022-01,0.00011330918900474044
2022-01,0.00020639660890985943
2022-01,0.00016728107740003606
2022-01,0.00011556915487461811
2022-01,0.00011700036315484
2022-01,0.0001118089792292498
2022-01,0.00010808365158036863
2022-01,0.00011757413322477374
2022-01,0.0001982822855862641
2022-01,0.0001495396649433459
2022-01,7.847291644533613e-05
2022-01,7.045492182901339e-05
2022-01,6.029494915502623e-05
2022-01,5.5041857966506885e-05
2022-01,6.638660412376512e-05
2022-01,5.064542376916262e-05
2022-01,2.3359162436257883e-05
2022-01,6.436130931196924e-05
2022-01,9.082601623359596e-05
2022-01,0.0001556106356329638
2022-01,6.027692149875818e-05
2022-01,6.4340345250508e-05
2022-01,8.051539817623218e-05
2022-01,5.307211756470141e-05
2022-01,0.0001495830616686498
2022-01,0.00020258000509585543
2022-02,9.975576664388231e-05
2022-02,9.631739995763456e-05
2022-02,3.0511970329636973e-05
2022-02,3.121496243599709e-05
2022-02,0.00010976660759174194
2022-02,9.28273500655818e-05
2022-02,7.135297281703116e-05
2022-02,7.661095802095068e-05
2022-02,6.400612004472794e-05
2022-02,0.0001145680324137251
2022-02,6.381021504738868e-05
2022-02,5.870789851173254e-05
2022-02,5.144449706414865e-05
2022-02,5.199504110268528e-05
2022-02,5.7707955167145636e-05
2022-02,4.412062688759971e-05
2022-02,6.521872821716022e-05
2022-02,0.00010183805098511749
2022-02,4.7119672453533484e-05
2022-02,4.795844348754982e-05
2022-02,5.468180356924038e-05
2022-02,7.871560971269172e-05
2022-02,0.00012694485272981228
2022-02,9.946358909250844e-05
2022-02,8.19974429761766e-05
2022-02,6.403266909961114e-05
2022-02,6.378191308729233e-05
2022-02,6.7040645445619e-05
2022-02,0.00011895336736407058
2022-02,8.883443043003334e-05
2022-02,0.00011346803698121619
2022-02,4.6077156865207516e-05
2022-02,5.4037355422227766e-05
2022-02,5.60262630304624e-05
2022-02,7.915470744222026e-05
2022-02,0.00016368851599072318
2022-02,0.00011406925179713183
2022-02,5.631721265096671e-05
2022-02,8.889699445510526e-05
2022-02,0.00011163990758402747
2022-02,0.00015323967504083267
2022-02,6.13217518572975e-05
2022-02,6.242794210194925e-05
2022-02,6.311141708685474e-05
2022-02,8.134561431960974e-05
2022-02,6.997670362108629e-05
2022-03,6.758159965758031e-05
2022-03,0.0001443472952772897
2022-03,0.0001039410115826996
